"LOCATION","INDICATOR","SUBJECT","MEASURE","FREQUENCY","TIME","Value","Flag Codes"
"AUS","GDP","TOT","USD_CAP","A","2000",28252.629885,
"AUS","GDP","TOT","USD_CAP","A","2001",29493.214856,
"AUS","GDP","TOT","USD_CAP","A","2002",30740.962903,
"AUS","GDP","TOT","USD_CAP","A","2003",32248.255835,
"AUS","GDP","TOT","USD_CAP","A","2004",33865.906508,
"AUS","GDP","TOT","USD_CAP","A","2005",35570.808015,
"AUS","GDP","TOT","USD_CAP","A","2006",37842.933976,
"AUS","GDP","TOT","USD_CAP","A","2007",39596.040082,
"AUS","GDP","TOT","USD_CAP","A","2008",40094.833205,
"AUS","GDP","TOT","USD_CAP","A","2009",41614.090724,
"AUS","GDP","TOT","USD_CAP","A","2010",42787.065957,
"AUS","GDP","TOT","USD_CAP","A","2011",44419.309749,
"AUS","GDP","TOT","USD_CAP","A","2012",43879.180355,
"AUS","GDP","TOT","USD_CAP","A","2013",47761.21406,
"AUS","GDP","TOT","USD_CAP","A","2014",47644.762792,
"AUS","GDP","TOT","USD_CAP","A","2015",47317.250695,
"AUS","GDP","TOT","USD_CAP","A","2016",50237.794429,
"AUS","GDP","TOT","USD_CAP","A","2017",50853.615427,
"AUS","GDP","TOT","USD_CAP","A","2018",53061.634053,
"AUS","GDP","TOT","USD_CAP","A","2019",53067.877181,"E"
"AUT","GDP","TOT","USD_CAP","A","2000",29388.784958,
"AUT","GDP","TOT","USD_CAP","A","2001",29715.636017,
"AUT","GDP","TOT","USD_CAP","A","2002",31178.051444,
"AUT","GDP","TOT","USD_CAP","A","2003",32123.696189,
"AUT","GDP","TOT","USD_CAP","A","2004",33756.259412,
"AUT","GDP","TOT","USD_CAP","A","2005",35024.557484,
"AUT","GDP","TOT","USD_CAP","A","2006",37614.942761,
"AUT","GDP","TOT","USD_CAP","A","2007",39384.189618,
"AUT","GDP","TOT","USD_CAP","A","2008",41316.022642,
"AUT","GDP","TOT","USD_CAP","A","2009",40957.262321,
"AUT","GDP","TOT","USD_CAP","A","2010",42053.24337,
"AUT","GDP","TOT","USD_CAP","A","2011",44469.209642,
"AUT","GDP","TOT","USD_CAP","A","2012",46477.655075,
"AUT","GDP","TOT","USD_CAP","A","2013",47936.677963,
"AUT","GDP","TOT","USD_CAP","A","2014",48813.534409,
"AUT","GDP","TOT","USD_CAP","A","2015",49942.056293,
"AUT","GDP","TOT","USD_CAP","A","2016",52665.087457,
"AUT","GDP","TOT","USD_CAP","A","2017",54185.337013,
"AUT","GDP","TOT","USD_CAP","A","2018",57068.534815,
"AUT","GDP","TOT","USD_CAP","A","2019",58664.718719,
"AUT","GDP","TOT","USD_CAP","A","2020",55407.641086,
"BEL","GDP","TOT","USD_CAP","A","2000",27797.333304,
"BEL","GDP","TOT","USD_CAP","A","2001",28799.327509,
"BEL","GDP","TOT","USD_CAP","A","2002",30281.667989,
"BEL","GDP","TOT","USD_CAP","A","2003",30901.382717,
"BEL","GDP","TOT","USD_CAP","A","2004",32036.935514,
"BEL","GDP","TOT","USD_CAP","A","2005",33176.680884,
"BEL","GDP","TOT","USD_CAP","A","2006",35211.893732,
"BEL","GDP","TOT","USD_CAP","A","2007",36745.503067,
"BEL","GDP","TOT","USD_CAP","A","2008",37883.233422,
"BEL","GDP","TOT","USD_CAP","A","2009",37779.034875,
"BEL","GDP","TOT","USD_CAP","A","2010",39868.992658,
"BEL","GDP","TOT","USD_CAP","A","2011",40943.343479,
"BEL","GDP","TOT","USD_CAP","A","2012",42290.477674,
"BEL","GDP","TOT","USD_CAP","A","2013",43672.712292,
"BEL","GDP","TOT","USD_CAP","A","2014",44929.933328,
"BEL","GDP","TOT","USD_CAP","A","2015",46201.685891,
"BEL","GDP","TOT","USD_CAP","A","2016",48599.202676,
"BEL","GDP","TOT","USD_CAP","A","2017",50436.26033,
"BEL","GDP","TOT","USD_CAP","A","2018",52668.407357,
"BEL","GDP","TOT","USD_CAP","A","2019",54693.240937,
"BEL","GDP","TOT","USD_CAP","A","2020",51688.583464,"P"
"CAN","GDP","TOT","USD_CAP","A","2000",29363.147122,
"CAN","GDP","TOT","USD_CAP","A","2001",30214.300999,
"CAN","GDP","TOT","USD_CAP","A","2002",30963.222007,
"CAN","GDP","TOT","USD_CAP","A","2003",32333.608155,
"CAN","GDP","TOT","USD_CAP","A","2004",33911.218288,
"CAN","GDP","TOT","USD_CAP","A","2005",36327.662059,
"CAN","GDP","TOT","USD_CAP","A","2006",38107.136242,
"CAN","GDP","TOT","USD_CAP","A","2007",39555.523703,
"CAN","GDP","TOT","USD_CAP","A","2008",40376.330167,
"CAN","GDP","TOT","USD_CAP","A","2009",38893.727456,
"CAN","GDP","TOT","USD_CAP","A","2010",40114.222041,
"CAN","GDP","TOT","USD_CAP","A","2011",41666.718851,
"CAN","GDP","TOT","USD_CAP","A","2012",42290.879082,
"CAN","GDP","TOT","USD_CAP","A","2013",44298.514462,
"CAN","GDP","TOT","USD_CAP","A","2014",45753.782936,
"CAN","GDP","TOT","USD_CAP","A","2015",44670.054374,
"CAN","GDP","TOT","USD_CAP","A","2016",46472.368771,
"CAN","GDP","TOT","USD_CAP","A","2017",48319.723156,
"CAN","GDP","TOT","USD_CAP","A","2018",50250.038237,
"CAN","GDP","TOT","USD_CAP","A","2019",50666.142826,
"CZE","GDP","TOT","USD_CAP","A","2000",16214.967545,
"CZE","GDP","TOT","USD_CAP","A","2001",17615.595018,
"CZE","GDP","TOT","USD_CAP","A","2002",18245.669005,
"CZE","GDP","TOT","USD_CAP","A","2003",19503.293709,
"CZE","GDP","TOT","USD_CAP","A","2004",20894.60712,
"CZE","GDP","TOT","USD_CAP","A","2005",22045.99888,
"CZE","GDP","TOT","USD_CAP","A","2006",23827.147382,
"CZE","GDP","TOT","USD_CAP","A","2007",26189.798385,
"CZE","GDP","TOT","USD_CAP","A","2008",27853.549898,
"CZE","GDP","TOT","USD_CAP","A","2009",27656.015128,
"CZE","GDP","TOT","USD_CAP","A","2010",27789.608377,
"CZE","GDP","TOT","USD_CAP","A","2011",28999.754757,
"CZE","GDP","TOT","USD_CAP","A","2012",29258.904853,
"CZE","GDP","TOT","USD_CAP","A","2013",30828.526409,
"CZE","GDP","TOT","USD_CAP","A","2014",32504.217576,
"CZE","GDP","TOT","USD_CAP","A","2015",33909.309243,
"CZE","GDP","TOT","USD_CAP","A","2016",36101.285601,
"CZE","GDP","TOT","USD_CAP","A","2017",38842.896268,
"CZE","GDP","TOT","USD_CAP","A","2018",41147.631528,
"CZE","GDP","TOT","USD_CAP","A","2019",43015.814745,
"CZE","GDP","TOT","USD_CAP","A","2020",41121.096782,
"DNK","GDP","TOT","USD_CAP","A","2000",28679.270722,
"DNK","GDP","TOT","USD_CAP","A","2001",29459.845737,
"DNK","GDP","TOT","USD_CAP","A","2002",30639.953691,
"DNK","GDP","TOT","USD_CAP","A","2003",30791.903459,
"DNK","GDP","TOT","USD_CAP","A","2004",32920.676921,
"DNK","GDP","TOT","USD_CAP","A","2005",34152.881663,
"DNK","GDP","TOT","USD_CAP","A","2006",37286.319861,
"DNK","GDP","TOT","USD_CAP","A","2007",38969.119721,
"DNK","GDP","TOT","USD_CAP","A","2008",41282.995471,
"DNK","GDP","TOT","USD_CAP","A","2009",40361.790678,
"DNK","GDP","TOT","USD_CAP","A","2010",43041.192361,
"DNK","GDP","TOT","USD_CAP","A","2011",44407.94207,
"DNK","GDP","TOT","USD_CAP","A","2012",44808.549212,
"DNK","GDP","TOT","USD_CAP","A","2013",46742.939663,
"DNK","GDP","TOT","USD_CAP","A","2014",47905.477079,
"DNK","GDP","TOT","USD_CAP","A","2015",49058.142344,
"DNK","GDP","TOT","USD_CAP","A","2016",51967.020438,
"DNK","GDP","TOT","USD_CAP","A","2017",55356.49009,
"DNK","GDP","TOT","USD_CAP","A","2018",57459.169626,
"DNK","GDP","TOT","USD_CAP","A","2019",60308.072261,
"DNK","GDP","TOT","USD_CAP","A","2020",59346.890596,
"FIN","GDP","TOT","USD_CAP","A","2000",26796.410421,
"FIN","GDP","TOT","USD_CAP","A","2001",27807.753126,
"FIN","GDP","TOT","USD_CAP","A","2002",28605.122922,
"FIN","GDP","TOT","USD_CAP","A","2003",29021.635677,
"FIN","GDP","TOT","USD_CAP","A","2004",31175.727708,
"FIN","GDP","TOT","USD_CAP","A","2005",32051.762889,
"FIN","GDP","TOT","USD_CAP","A","2006",34408.817577,
"FIN","GDP","TOT","USD_CAP","A","2007",37792.556693,
"FIN","GDP","TOT","USD_CAP","A","2008",40083.701943,
"FIN","GDP","TOT","USD_CAP","A","2009",38000.018769,
"FIN","GDP","TOT","USD_CAP","A","2010",38985.871994,
"FIN","GDP","TOT","USD_CAP","A","2011",40916.647325,
"FIN","GDP","TOT","USD_CAP","A","2012",40872.854802,
"FIN","GDP","TOT","USD_CAP","A","2013",41492.918416,
"FIN","GDP","TOT","USD_CAP","A","2014",41749.864733,
"FIN","GDP","TOT","USD_CAP","A","2015",42490.211049,
"FIN","GDP","TOT","USD_CAP","A","2016",44934.488245,
"FIN","GDP","TOT","USD_CAP","A","2017",47570.270354,
"FIN","GDP","TOT","USD_CAP","A","2018",49749.057567,
"FIN","GDP","TOT","USD_CAP","A","2019",51556.59032,
"FIN","GDP","TOT","USD_CAP","A","2020",50176.937881,
"FRA","GDP","TOT","USD_CAP","A","2000",26106.052895,
"FRA","GDP","TOT","USD_CAP","A","2001",27506.156751,
"FRA","GDP","TOT","USD_CAP","A","2002",28528.156107,
"FRA","GDP","TOT","USD_CAP","A","2003",28148.115653,
"FRA","GDP","TOT","USD_CAP","A","2004",29040.965294,
"FRA","GDP","TOT","USD_CAP","A","2005",30504.058784,
"FRA","GDP","TOT","USD_CAP","A","2006",32431.435631,
"FRA","GDP","TOT","USD_CAP","A","2007",34086.956799,
"FRA","GDP","TOT","USD_CAP","A","2008",35102.870428,
"FRA","GDP","TOT","USD_CAP","A","2009",34711.655714,
"FRA","GDP","TOT","USD_CAP","A","2010",35939.455835,
"FRA","GDP","TOT","USD_CAP","A","2011",37447.949543,
"FRA","GDP","TOT","USD_CAP","A","2012",37684.198067,
"FRA","GDP","TOT","USD_CAP","A","2013",39528.473644,
"FRA","GDP","TOT","USD_CAP","A","2014",40144.059485,
"FRA","GDP","TOT","USD_CAP","A","2015",40829.893311,
"FRA","GDP","TOT","USD_CAP","A","2016",42855.944562,
"FRA","GDP","TOT","USD_CAP","A","2017",44480.722199,
"FRA","GDP","TOT","USD_CAP","A","2018",46456.107107,"P"
"FRA","GDP","TOT","USD_CAP","A","2019",49225.564402,"P"
"FRA","GDP","TOT","USD_CAP","A","2020",45494.488417,"P"
"DEU","GDP","TOT","USD_CAP","A","2000",27462.90882,
"DEU","GDP","TOT","USD_CAP","A","2001",28670.790607,
"DEU","GDP","TOT","USD_CAP","A","2002",29504.28924,
"DEU","GDP","TOT","USD_CAP","A","2003",30238.269264,
"DEU","GDP","TOT","USD_CAP","A","2004",31715.392519,
"DEU","GDP","TOT","USD_CAP","A","2005",32236.740986,
"DEU","GDP","TOT","USD_CAP","A","2006",34620.413592,
"DEU","GDP","TOT","USD_CAP","A","2007",36813.713454,
"DEU","GDP","TOT","USD_CAP","A","2008",38432.448211,
"DEU","GDP","TOT","USD_CAP","A","2009",37492.649447,
"DEU","GDP","TOT","USD_CAP","A","2010",39707.329953,
"DEU","GDP","TOT","USD_CAP","A","2011",42541.513126,
"DEU","GDP","TOT","USD_CAP","A","2012",43359.541048,
"DEU","GDP","TOT","USD_CAP","A","2013",44993.667838,
"DEU","GDP","TOT","USD_CAP","A","2014",47011.280402,
"DEU","GDP","TOT","USD_CAP","A","2015",47609.557159,
"DEU","GDP","TOT","USD_CAP","A","2016",50579.483717,
"DEU","GDP","TOT","USD_CAP","A","2017",52952.897774,
"DEU","GDP","TOT","USD_CAP","A","2018",54954.68658,
"DEU","GDP","TOT","USD_CAP","A","2019",55891.15984,
"DEU","GDP","TOT","USD_CAP","A","2020",53809.843557,"P"
"GRC","GDP","TOT","USD_CAP","A","2000",19524.703035,
"GRC","GDP","TOT","USD_CAP","A","2001",20963.822069,
"GRC","GDP","TOT","USD_CAP","A","2002",22615.957435,
"GRC","GDP","TOT","USD_CAP","A","2003",23871.921816,
"GRC","GDP","TOT","USD_CAP","A","2004",25439.31884,
"GRC","GDP","TOT","USD_CAP","A","2005",25577.445437,
"GRC","GDP","TOT","USD_CAP","A","2006",28510.877946,
"GRC","GDP","TOT","USD_CAP","A","2007",29284.612817,
"GRC","GDP","TOT","USD_CAP","A","2008",30855.935774,
"GRC","GDP","TOT","USD_CAP","A","2009",30381.482016,
"GRC","GDP","TOT","USD_CAP","A","2010",27934.317127,"B"
"GRC","GDP","TOT","USD_CAP","A","2011",25671.291223,
"GRC","GDP","TOT","USD_CAP","A","2012",24912.130664,
"GRC","GDP","TOT","USD_CAP","A","2013",25947.870627,
"GRC","GDP","TOT","USD_CAP","A","2014",26642.231958,
"GRC","GDP","TOT","USD_CAP","A","2015",26720.908773,
"GRC","GDP","TOT","USD_CAP","A","2016",27471.218206,
"GRC","GDP","TOT","USD_CAP","A","2017",28644.977147,
"GRC","GDP","TOT","USD_CAP","A","2018",29680.902369,"P"
"GRC","GDP","TOT","USD_CAP","A","2019",30869.249859,"P"
"GRC","GDP","TOT","USD_CAP","A","2020",28389.13061,"P"
"HUN","GDP","TOT","USD_CAP","A","2000",11858.334408,
"HUN","GDP","TOT","USD_CAP","A","2001",13213.635599,
"HUN","GDP","TOT","USD_CAP","A","2002",14526.388251,
"HUN","GDP","TOT","USD_CAP","A","2003",15465.365352,
"HUN","GDP","TOT","USD_CAP","A","2004",16230.260624,
"HUN","GDP","TOT","USD_CAP","A","2005",17073.551438,
"HUN","GDP","TOT","USD_CAP","A","2006",18337.205217,
"HUN","GDP","TOT","USD_CAP","A","2007",19041.087901,
"HUN","GDP","TOT","USD_CAP","A","2008",20696.728568,
"HUN","GDP","TOT","USD_CAP","A","2009",20689.046702,
"HUN","GDP","TOT","USD_CAP","A","2010",21716.650836,
"HUN","GDP","TOT","USD_CAP","A","2011",22999.830605,
"HUN","GDP","TOT","USD_CAP","A","2012",23206.255116,
"HUN","GDP","TOT","USD_CAP","A","2013",24498.658689,
"HUN","GDP","TOT","USD_CAP","A","2014",25642.556756,
"HUN","GDP","TOT","USD_CAP","A","2015",26777.470459,
"HUN","GDP","TOT","USD_CAP","A","2016",27911.664733,
"HUN","GDP","TOT","USD_CAP","A","2017",29465.126306,
"HUN","GDP","TOT","USD_CAP","A","2018",31829.54906,
"HUN","GDP","TOT","USD_CAP","A","2019",33949.634513,"P"
"HUN","GDP","TOT","USD_CAP","A","2020",33521.222144,"P"
"ISL","GDP","TOT","USD_CAP","A","2000",29792.563546,
"ISL","GDP","TOT","USD_CAP","A","2001",31875.051085,
"ISL","GDP","TOT","USD_CAP","A","2002",32598.376021,
"ISL","GDP","TOT","USD_CAP","A","2003",32690.496031,
"ISL","GDP","TOT","USD_CAP","A","2004",35522.714459,
"ISL","GDP","TOT","USD_CAP","A","2005",37427.934965,
"ISL","GDP","TOT","USD_CAP","A","2006",39579.737256,
"ISL","GDP","TOT","USD_CAP","A","2007",41435.17855,
"ISL","GDP","TOT","USD_CAP","A","2008",43456.216759,
"ISL","GDP","TOT","USD_CAP","A","2009",41802.999355,
"ISL","GDP","TOT","USD_CAP","A","2010",39810.803416,
"ISL","GDP","TOT","USD_CAP","A","2011",40938.664549,
"ISL","GDP","TOT","USD_CAP","A","2012",42006.543346,
"ISL","GDP","TOT","USD_CAP","A","2013",44404.731588,
"ISL","GDP","TOT","USD_CAP","A","2014",45995.001692,
"ISL","GDP","TOT","USD_CAP","A","2015",49203.294991,
"ISL","GDP","TOT","USD_CAP","A","2016",53486.615773,
"ISL","GDP","TOT","USD_CAP","A","2017",55648.250359,
"ISL","GDP","TOT","USD_CAP","A","2018",58139.715909,
"ISL","GDP","TOT","USD_CAP","A","2019",59567.238223,
"IRL","GDP","TOT","USD_CAP","A","2000",30199.653107,
"IRL","GDP","TOT","USD_CAP","A","2001",32580.733669,
"IRL","GDP","TOT","USD_CAP","A","2002",35212.040562,
"IRL","GDP","TOT","USD_CAP","A","2003",36230.743656,
"IRL","GDP","TOT","USD_CAP","A","2004",38711.710492,
"IRL","GDP","TOT","USD_CAP","A","2005",40447.507229,
"IRL","GDP","TOT","USD_CAP","A","2006",44211.659897,
"IRL","GDP","TOT","USD_CAP","A","2007",46717.769941,
"IRL","GDP","TOT","USD_CAP","A","2008",44184.551003,
"IRL","GDP","TOT","USD_CAP","A","2009",41532.212972,
"IRL","GDP","TOT","USD_CAP","A","2010",43320.050585,
"IRL","GDP","TOT","USD_CAP","A","2011",44902.996876,
"IRL","GDP","TOT","USD_CAP","A","2012",46274.524246,
"IRL","GDP","TOT","USD_CAP","A","2013",47924.38829,
"IRL","GDP","TOT","USD_CAP","A","2014",51212.500064,
"IRL","GDP","TOT","USD_CAP","A","2015",69133.710608,
"IRL","GDP","TOT","USD_CAP","A","2016",71793.285749,
"IRL","GDP","TOT","USD_CAP","A","2017",78739.394859,
"IRL","GDP","TOT","USD_CAP","A","2018",85027.001037,
"IRL","GDP","TOT","USD_CAP","A","2019",89561.458769,
"ITA","GDP","TOT","USD_CAP","A","2000",27084.202085,
"ITA","GDP","TOT","USD_CAP","A","2001",28043.04706,
"ITA","GDP","TOT","USD_CAP","A","2002",28716.197174,
"ITA","GDP","TOT","USD_CAP","A","2003",29116.350319,
"ITA","GDP","TOT","USD_CAP","A","2004",29448.802597,
"ITA","GDP","TOT","USD_CAP","A","2005",30016.1557,
"ITA","GDP","TOT","USD_CAP","A","2006",32252.424492,
"ITA","GDP","TOT","USD_CAP","A","2007",33897.278447,
"ITA","GDP","TOT","USD_CAP","A","2008",35274.312724,
"ITA","GDP","TOT","USD_CAP","A","2009",34347.697478,
"ITA","GDP","TOT","USD_CAP","A","2010",34860.578039,
"ITA","GDP","TOT","USD_CAP","A","2011",36183.316026,
"ITA","GDP","TOT","USD_CAP","A","2012",36002.908697,
"ITA","GDP","TOT","USD_CAP","A","2013",36067.707344,
"ITA","GDP","TOT","USD_CAP","A","2014",36194.916674,
"ITA","GDP","TOT","USD_CAP","A","2015",36899.396401,
"ITA","GDP","TOT","USD_CAP","A","2016",39926.966169,
"ITA","GDP","TOT","USD_CAP","A","2017",41581.131252,
"ITA","GDP","TOT","USD_CAP","A","2018",43097.264517,
"ITA","GDP","TOT","USD_CAP","A","2019",44397.556124,
"ITA","GDP","TOT","USD_CAP","A","2020",41108.214758,
"JPN","GDP","TOT","USD_CAP","A","2000",26841.230748,
"JPN","GDP","TOT","USD_CAP","A","2001",27476.220728,
"JPN","GDP","TOT","USD_CAP","A","2002",28170.054375,
"JPN","GDP","TOT","USD_CAP","A","2003",28943.718353,
"JPN","GDP","TOT","USD_CAP","A","2004",30354.456682,
"JPN","GDP","TOT","USD_CAP","A","2005",31667.91436,
"JPN","GDP","TOT","USD_CAP","A","2006",33094.337825,
"JPN","GDP","TOT","USD_CAP","A","2007",34507.170217,
"JPN","GDP","TOT","USD_CAP","A","2008",34803.657814,
"JPN","GDP","TOT","USD_CAP","A","2009",33201.987096,
"JPN","GDP","TOT","USD_CAP","A","2010",34994.372225,
"JPN","GDP","TOT","USD_CAP","A","2011",35775.256332,
"JPN","GDP","TOT","USD_CAP","A","2012",37213.837398,
"JPN","GDP","TOT","USD_CAP","A","2013",39008.36056,
"JPN","GDP","TOT","USD_CAP","A","2014",39183.465681,
"JPN","GDP","TOT","USD_CAP","A","2015",40398.402903,
"JPN","GDP","TOT","USD_CAP","A","2016",39983.643655,
"JPN","GDP","TOT","USD_CAP","A","2017",40992.39323,
"JPN","GDP","TOT","USD_CAP","A","2018",41724.030341,
"JPN","GDP","TOT","USD_CAP","A","2019",42385.765777,"E"
"KOR","GDP","TOT","USD_CAP","A","2000",18539.420748,
"KOR","GDP","TOT","USD_CAP","A","2001",19713.595536,
"KOR","GDP","TOT","USD_CAP","A","2002",21396.719189,
"KOR","GDP","TOT","USD_CAP","A","2003",22084.778571,
"KOR","GDP","TOT","USD_CAP","A","2004",23763.307826,
"KOR","GDP","TOT","USD_CAP","A","2005",25186.638103,
"KOR","GDP","TOT","USD_CAP","A","2006",26875.232505,
"KOR","GDP","TOT","USD_CAP","A","2007",29050.159627,
"KOR","GDP","TOT","USD_CAP","A","2008",29945.899216,
"KOR","GDP","TOT","USD_CAP","A","2009",29529.785604,
"KOR","GDP","TOT","USD_CAP","A","2010",31748.35357,
"KOR","GDP","TOT","USD_CAP","A","2011",32546.517725,
"KOR","GDP","TOT","USD_CAP","A","2012",33557.030447,
"KOR","GDP","TOT","USD_CAP","A","2013",34244.239492,
"KOR","GDP","TOT","USD_CAP","A","2014",35324.260296,
"KOR","GDP","TOT","USD_CAP","A","2015",37902.361018,
"KOR","GDP","TOT","USD_CAP","A","2016",39575.302078,
"KOR","GDP","TOT","USD_CAP","A","2017",40957.347064,
"KOR","GDP","TOT","USD_CAP","A","2018",42486.739807,
"KOR","GDP","TOT","USD_CAP","A","2019",42728.031736,"P"
"LUX","GDP","TOT","USD_CAP","A","2000",55279.773688,
"LUX","GDP","TOT","USD_CAP","A","2001",55853.002921,
"LUX","GDP","TOT","USD_CAP","A","2002",58709.015363,
"LUX","GDP","TOT","USD_CAP","A","2003",59960.025388,
"LUX","GDP","TOT","USD_CAP","A","2004",63998.592169,
"LUX","GDP","TOT","USD_CAP","A","2005",68140.65238,
"LUX","GDP","TOT","USD_CAP","A","2006",77880.528105,
"LUX","GDP","TOT","USD_CAP","A","2007",83837.451183,
"LUX","GDP","TOT","USD_CAP","A","2008",86591.985457,
"LUX","GDP","TOT","USD_CAP","A","2009",82249.998512,
"LUX","GDP","TOT","USD_CAP","A","2010",85587.014645,
"LUX","GDP","TOT","USD_CAP","A","2011",91814.036613,
"LUX","GDP","TOT","USD_CAP","A","2012",91526.720705,
"LUX","GDP","TOT","USD_CAP","A","2013",95246.113893,
"LUX","GDP","TOT","USD_CAP","A","2014",100933.604548,
"LUX","GDP","TOT","USD_CAP","A","2015",103760.127974,
"LUX","GDP","TOT","USD_CAP","A","2016",110260.934439,
"LUX","GDP","TOT","USD_CAP","A","2017",112187.731906,
"LUX","GDP","TOT","USD_CAP","A","2018",116480.803842,
"LUX","GDP","TOT","USD_CAP","A","2019",120670.500099,
"LUX","GDP","TOT","USD_CAP","A","2020",117619.647997,"P"
"MEX","GDP","TOT","USD_CAP","A","2000",10870.409593,
"MEX","GDP","TOT","USD_CAP","A","2001",10931.09462,
"MEX","GDP","TOT","USD_CAP","A","2002",10999.980338,
"MEX","GDP","TOT","USD_CAP","A","2003",11302.737554,
"MEX","GDP","TOT","USD_CAP","A","2004",11921.837103,
"MEX","GDP","TOT","USD_CAP","A","2005",12539.95753,
"MEX","GDP","TOT","USD_CAP","A","2006",13720.688285,
"MEX","GDP","TOT","USD_CAP","A","2007",14233.029479,
"MEX","GDP","TOT","USD_CAP","A","2008",14885.902438,
"MEX","GDP","TOT","USD_CAP","A","2009",14532.386514,
"MEX","GDP","TOT","USD_CAP","A","2010",15257.673655,
"MEX","GDP","TOT","USD_CAP","A","2011",16546.641414,
"MEX","GDP","TOT","USD_CAP","A","2012",17220.06914,
"MEX","GDP","TOT","USD_CAP","A","2013",17461.798268,
"MEX","GDP","TOT","USD_CAP","A","2014",18178.397421,
"MEX","GDP","TOT","USD_CAP","A","2015",18454.801482,
"MEX","GDP","TOT","USD_CAP","A","2016",19516.145022,
"MEX","GDP","TOT","USD_CAP","A","2017",19947.197691,
"MEX","GDP","TOT","USD_CAP","A","2018",20519.424741,"E"
"MEX","GDP","TOT","USD_CAP","A","2019",20741.101487,"E"
"NLD","GDP","TOT","USD_CAP","A","2000",31883.70496,
"NLD","GDP","TOT","USD_CAP","A","2001",33194.897494,
"NLD","GDP","TOT","USD_CAP","A","2002",34447.053372,
"NLD","GDP","TOT","USD_CAP","A","2003",34115.065703,
"NLD","GDP","TOT","USD_CAP","A","2004",35779.622867,
"NLD","GDP","TOT","USD_CAP","A","2005",37625.252435,
"NLD","GDP","TOT","USD_CAP","A","2006",40959.18563,
"NLD","GDP","TOT","USD_CAP","A","2007",43885.020938,
"NLD","GDP","TOT","USD_CAP","A","2008",46419.042594,
"NLD","GDP","TOT","USD_CAP","A","2009",44590.781562,
"NLD","GDP","TOT","USD_CAP","A","2010",45079.367407,
"NLD","GDP","TOT","USD_CAP","A","2011",46599.227659,
"NLD","GDP","TOT","USD_CAP","A","2012",47271.968226,
"NLD","GDP","TOT","USD_CAP","A","2013",49242.786711,
"NLD","GDP","TOT","USD_CAP","A","2014",49233.230349,
"NLD","GDP","TOT","USD_CAP","A","2015",50288.352815,
"NLD","GDP","TOT","USD_CAP","A","2016",52289.404292,
"NLD","GDP","TOT","USD_CAP","A","2017",55089.58143,
"NLD","GDP","TOT","USD_CAP","A","2018",57899.824961,"P"
"NLD","GDP","TOT","USD_CAP","A","2019",59468.672811,"P"
"NLD","GDP","TOT","USD_CAP","A","2020",57482.115092,"P"
"NZL","GDP","TOT","USD_CAP","A","2000",21471.617779,
"NZL","GDP","TOT","USD_CAP","A","2001",22387.147333,
"NZL","GDP","TOT","USD_CAP","A","2002",23180.064981,
"NZL","GDP","TOT","USD_CAP","A","2003",23856.565373,
"NZL","GDP","TOT","USD_CAP","A","2004",24995.646468,
"NZL","GDP","TOT","USD_CAP","A","2005",25590.127446,
"NZL","GDP","TOT","USD_CAP","A","2006",27682.116121,
"NZL","GDP","TOT","USD_CAP","A","2007",29304.026647,
"NZL","GDP","TOT","USD_CAP","A","2008",29784.428109,
"NZL","GDP","TOT","USD_CAP","A","2009",30587.84323,
"NZL","GDP","TOT","USD_CAP","A","2010",31174.15647,
"NZL","GDP","TOT","USD_CAP","A","2011",32680.389989,
"NZL","GDP","TOT","USD_CAP","A","2012",32924.631878,
"NZL","GDP","TOT","USD_CAP","A","2013",36100.25209,
"NZL","GDP","TOT","USD_CAP","A","2014",37133.665007,
"NZL","GDP","TOT","USD_CAP","A","2015",37338.636255,
"NZL","GDP","TOT","USD_CAP","A","2016",39896.683502,
"NZL","GDP","TOT","USD_CAP","A","2017",42208.479601,
"NZL","GDP","TOT","USD_CAP","A","2018",43376.970793,"P"
"NZL","GDP","TOT","USD_CAP","A","2019",44152.059281,"E"
"NOR","GDP","TOT","USD_CAP","A","2000",36952.282492,
"NOR","GDP","TOT","USD_CAP","A","2001",37778.5612,
"NOR","GDP","TOT","USD_CAP","A","2002",37981.68638,
"NOR","GDP","TOT","USD_CAP","A","2003",38552.708652,
"NOR","GDP","TOT","USD_CAP","A","2004",42513.853145,
"NOR","GDP","TOT","USD_CAP","A","2005",47800.540634,
"NOR","GDP","TOT","USD_CAP","A","2006",54084.291298,
"NOR","GDP","TOT","USD_CAP","A","2007",55864.469542,
"NOR","GDP","TOT","USD_CAP","A","2008",61719.343656,
"NOR","GDP","TOT","USD_CAP","A","2009",55401.83115,
"NOR","GDP","TOT","USD_CAP","A","2010",57966.866732,
"NOR","GDP","TOT","USD_CAP","A","2011",62077.845797,
"NOR","GDP","TOT","USD_CAP","A","2012",65349.216157,
"NOR","GDP","TOT","USD_CAP","A","2013",66956.285962,
"NOR","GDP","TOT","USD_CAP","A","2014",65895.667611,
"NOR","GDP","TOT","USD_CAP","A","2015",60352.716908,
"NOR","GDP","TOT","USD_CAP","A","2016",58923.240139,
"NOR","GDP","TOT","USD_CAP","A","2017",64050.366694,
"NOR","GDP","TOT","USD_CAP","A","2018",69709.381608,
"NOR","GDP","TOT","USD_CAP","A","2019",68343.740792,
"NOR","GDP","TOT","USD_CAP","A","2020",68117.123175,
"POL","GDP","TOT","USD_CAP","A","2000",10677.49872,
"POL","GDP","TOT","USD_CAP","A","2001",11123.674779,
"POL","GDP","TOT","USD_CAP","A","2002",11803.761357,
"POL","GDP","TOT","USD_CAP","A","2003",12278.87403,
"POL","GDP","TOT","USD_CAP","A","2004",13343.390787,
"POL","GDP","TOT","USD_CAP","A","2005",13898.413011,
"POL","GDP","TOT","USD_CAP","A","2006",15135.749292,
"POL","GDP","TOT","USD_CAP","A","2007",16784.447639,
"POL","GDP","TOT","USD_CAP","A","2008",18308.038986,
"POL","GDP","TOT","USD_CAP","A","2009",19088.289016,
"POL","GDP","TOT","USD_CAP","A","2010",20828.986526,
"POL","GDP","TOT","USD_CAP","A","2011",22553.514215,
"POL","GDP","TOT","USD_CAP","A","2012",23455.560312,
"POL","GDP","TOT","USD_CAP","A","2013",24272.842559,
"POL","GDP","TOT","USD_CAP","A","2014",25162.875509,
"POL","GDP","TOT","USD_CAP","A","2015",26534.723216,
"POL","GDP","TOT","USD_CAP","A","2016",27985.340009,
"POL","GDP","TOT","USD_CAP","A","2017",29714.590984,
"POL","GDP","TOT","USD_CAP","A","2018",31613.688164,
"POL","GDP","TOT","USD_CAP","A","2019",33777.646597,
"POL","GDP","TOT","USD_CAP","A","2020",33356.123878,
"PRT","GDP","TOT","USD_CAP","A","2000",18884.873913,
"PRT","GDP","TOT","USD_CAP","A","2001",19533.387272,
"PRT","GDP","TOT","USD_CAP","A","2002",20356.721555,
"PRT","GDP","TOT","USD_CAP","A","2003",20829.642284,
"PRT","GDP","TOT","USD_CAP","A","2004",21459.954835,
"PRT","GDP","TOT","USD_CAP","A","2005",22725.351606,
"PRT","GDP","TOT","USD_CAP","A","2006",24649.676772,
"PRT","GDP","TOT","USD_CAP","A","2007",25701.787963,
"PRT","GDP","TOT","USD_CAP","A","2008",26665.771577,
"PRT","GDP","TOT","USD_CAP","A","2009",26478.491799,
"PRT","GDP","TOT","USD_CAP","A","2010",27282.766346,
"PRT","GDP","TOT","USD_CAP","A","2011",26769.42769,
"PRT","GDP","TOT","USD_CAP","A","2012",26438.140472,
"PRT","GDP","TOT","USD_CAP","A","2013",27936.006299,
"PRT","GDP","TOT","USD_CAP","A","2014",28742.313125,
"PRT","GDP","TOT","USD_CAP","A","2015",29660.845901,
"PRT","GDP","TOT","USD_CAP","A","2016",31607.610185,
"PRT","GDP","TOT","USD_CAP","A","2017",33044.70015,
"PRT","GDP","TOT","USD_CAP","A","2018",34931.85988,
"PRT","GDP","TOT","USD_CAP","A","2019",36871.73897,"P"
"PRT","GDP","TOT","USD_CAP","A","2020",34240.614063,"E"
"SVK","GDP","TOT","USD_CAP","A","2000",11356.253766,
"SVK","GDP","TOT","USD_CAP","A","2001",12389.813595,
"SVK","GDP","TOT","USD_CAP","A","2002",13307.878099,
"SVK","GDP","TOT","USD_CAP","A","2003",14150.806452,
"SVK","GDP","TOT","USD_CAP","A","2004",15185.209483,
"SVK","GDP","TOT","USD_CAP","A","2005",16595.261602,
"SVK","GDP","TOT","USD_CAP","A","2006",18826.142072,
"SVK","GDP","TOT","USD_CAP","A","2007",21110.422832,
"SVK","GDP","TOT","USD_CAP","A","2008",23608.977522,
"SVK","GDP","TOT","USD_CAP","A","2009",22963.908847,
"SVK","GDP","TOT","USD_CAP","A","2010",25030.420998,
"SVK","GDP","TOT","USD_CAP","A","2011",26084.105497,
"SVK","GDP","TOT","USD_CAP","A","2012",26973.791217,
"SVK","GDP","TOT","USD_CAP","A","2013",28004.527785,
"SVK","GDP","TOT","USD_CAP","A","2014",28997.375683,
"SVK","GDP","TOT","USD_CAP","A","2015",29927.681435,
"SVK","GDP","TOT","USD_CAP","A","2016",29659.331169,
"SVK","GDP","TOT","USD_CAP","A","2017",30097.992379,
"SVK","GDP","TOT","USD_CAP","A","2018",31561.916967,
"SVK","GDP","TOT","USD_CAP","A","2019",32550.322192,
"SVK","GDP","TOT","USD_CAP","A","2020",31288.651882,"E"
"ESP","GDP","TOT","USD_CAP","A","2000",21600.822324,
"ESP","GDP","TOT","USD_CAP","A","2001",23006.611474,
"ESP","GDP","TOT","USD_CAP","A","2002",24376.32871,
"ESP","GDP","TOT","USD_CAP","A","2003",25015.219073,
"ESP","GDP","TOT","USD_CAP","A","2004",26160.194832,
"ESP","GDP","TOT","USD_CAP","A","2005",27600.937175,
"ESP","GDP","TOT","USD_CAP","A","2006",30704.576922,
"ESP","GDP","TOT","USD_CAP","A","2007",32423.53222,
"ESP","GDP","TOT","USD_CAP","A","2008",33242.245427,
"ESP","GDP","TOT","USD_CAP","A","2009",32112.818687,
"ESP","GDP","TOT","USD_CAP","A","2010",31716.709735,
"ESP","GDP","TOT","USD_CAP","A","2011",31872.363088,
"ESP","GDP","TOT","USD_CAP","A","2012",31724.631513,
"ESP","GDP","TOT","USD_CAP","A","2013",32452.659676,
"ESP","GDP","TOT","USD_CAP","A","2014",33544.352014,
"ESP","GDP","TOT","USD_CAP","A","2015",34929.20969,
"ESP","GDP","TOT","USD_CAP","A","2016",37313.634913,
"ESP","GDP","TOT","USD_CAP","A","2017",39580.188366,
"ESP","GDP","TOT","USD_CAP","A","2018",40780.287322,"P"
"ESP","GDP","TOT","USD_CAP","A","2019",42211.809525,"P"
"ESP","GDP","TOT","USD_CAP","A","2020",37850.876195,"P"
"SWE","GDP","TOT","USD_CAP","A","2000",29631.192149,
"SWE","GDP","TOT","USD_CAP","A","2001",29940.410211,
"SWE","GDP","TOT","USD_CAP","A","2002",30926.361002,
"SWE","GDP","TOT","USD_CAP","A","2003",31782.177947,
"SWE","GDP","TOT","USD_CAP","A","2004",33830.671978,
"SWE","GDP","TOT","USD_CAP","A","2005",34244.359285,
"SWE","GDP","TOT","USD_CAP","A","2006",37679.716019,
"SWE","GDP","TOT","USD_CAP","A","2007",40855.465147,
"SWE","GDP","TOT","USD_CAP","A","2008",42158.465614,
"SWE","GDP","TOT","USD_CAP","A","2009",40309.177594,
"SWE","GDP","TOT","USD_CAP","A","2010",42256.280065,
"SWE","GDP","TOT","USD_CAP","A","2011",44608.643898,
"SWE","GDP","TOT","USD_CAP","A","2012",45432.306926,
"SWE","GDP","TOT","USD_CAP","A","2013",46312.293685,
"SWE","GDP","TOT","USD_CAP","A","2014",47184.719403,
"SWE","GDP","TOT","USD_CAP","A","2015",49103.0618,
"SWE","GDP","TOT","USD_CAP","A","2016",50430.174559,
"SWE","GDP","TOT","USD_CAP","A","2017",51947.942867,
"SWE","GDP","TOT","USD_CAP","A","2018",53553.312077,
"SWE","GDP","TOT","USD_CAP","A","2019",55068.767404,
"SWE","GDP","TOT","USD_CAP","A","2020",53719.497913,
"CHE","GDP","TOT","USD_CAP","A","2000",36441.969934,
"CHE","GDP","TOT","USD_CAP","A","2001",37608.082988,
"CHE","GDP","TOT","USD_CAP","A","2002",38519.185231,
"CHE","GDP","TOT","USD_CAP","A","2003",38511.974614,
"CHE","GDP","TOT","USD_CAP","A","2004",40011.303647,
"CHE","GDP","TOT","USD_CAP","A","2005",41467.497321,
"CHE","GDP","TOT","USD_CAP","A","2006",46129.811162,
"CHE","GDP","TOT","USD_CAP","A","2007",50804.677376,
"CHE","GDP","TOT","USD_CAP","A","2008",53784.37338,
"CHE","GDP","TOT","USD_CAP","A","2009",53150.627259,
"CHE","GDP","TOT","USD_CAP","A","2010",54809.791037,
"CHE","GDP","TOT","USD_CAP","A","2011",57987.486864,
"CHE","GDP","TOT","USD_CAP","A","2012",59933.617056,
"CHE","GDP","TOT","USD_CAP","A","2013",62225.11235,
"CHE","GDP","TOT","USD_CAP","A","2014",64103.009758,
"CHE","GDP","TOT","USD_CAP","A","2015",66020.20952,
"CHE","GDP","TOT","USD_CAP","A","2016",68105.138178,
"CHE","GDP","TOT","USD_CAP","A","2017",69103.567686,
"CHE","GDP","TOT","USD_CAP","A","2018",71705.600337,
"CHE","GDP","TOT","USD_CAP","A","2019",73114.493516,
"TUR","GDP","TOT","USD_CAP","A","2000",9478.892226,
"TUR","GDP","TOT","USD_CAP","A","2001",9145.527684,
"TUR","GDP","TOT","USD_CAP","A","2002",9279.072677,
"TUR","GDP","TOT","USD_CAP","A","2003",9587.561223,
"TUR","GDP","TOT","USD_CAP","A","2004",10875.238229,
"TUR","GDP","TOT","USD_CAP","A","2005",11910.606724,
"TUR","GDP","TOT","USD_CAP","A","2006",13623.402879,
"TUR","GDP","TOT","USD_CAP","A","2007",14845.034672,
"TUR","GDP","TOT","USD_CAP","A","2008",16038.231645,
"TUR","GDP","TOT","USD_CAP","A","2009",15453.982835,
"TUR","GDP","TOT","USD_CAP","A","2010",17359.967189,
"TUR","GDP","TOT","USD_CAP","A","2011",19590.858369,
"TUR","GDP","TOT","USD_CAP","A","2012",20627.440729,
"TUR","GDP","TOT","USD_CAP","A","2013",22373.136543,
"TUR","GDP","TOT","USD_CAP","A","2014",24104.984583,
"TUR","GDP","TOT","USD_CAP","A","2015",25855.912681,
"TUR","GDP","TOT","USD_CAP","A","2016",26695.909373,
"TUR","GDP","TOT","USD_CAP","A","2017",28193.061398,
"TUR","GDP","TOT","USD_CAP","A","2018",28263.241827,
"TUR","GDP","TOT","USD_CAP","A","2019",27599.829476,
"GBR","GDP","TOT","USD_CAP","A","2000",26423.951157,
"GBR","GDP","TOT","USD_CAP","A","2001",27733.449638,
"GBR","GDP","TOT","USD_CAP","A","2002",28999.263599,
"GBR","GDP","TOT","USD_CAP","A","2003",30238.338666,
"GBR","GDP","TOT","USD_CAP","A","2004",31922.795895,
"GBR","GDP","TOT","USD_CAP","A","2005",32586.151002,
"GBR","GDP","TOT","USD_CAP","A","2006",34668.80413,
"GBR","GDP","TOT","USD_CAP","A","2007",35507.373473,
"GBR","GDP","TOT","USD_CAP","A","2008",36634.610738,
"GBR","GDP","TOT","USD_CAP","A","2009",35052.174843,
"GBR","GDP","TOT","USD_CAP","A","2010",36468.172567,
"GBR","GDP","TOT","USD_CAP","A","2011",37154.162977,
"GBR","GDP","TOT","USD_CAP","A","2012",38296.701025,
"GBR","GDP","TOT","USD_CAP","A","2013",39945.104528,
"GBR","GDP","TOT","USD_CAP","A","2014",41292.491286,
"GBR","GDP","TOT","USD_CAP","A","2015",42571.653412,
"GBR","GDP","TOT","USD_CAP","A","2016",44125.534988,
"GBR","GDP","TOT","USD_CAP","A","2017",45757.778123,
"GBR","GDP","TOT","USD_CAP","A","2018",47163.170633,
"GBR","GDP","TOT","USD_CAP","A","2019",48542.092734,
"USA","GDP","TOT","USD_CAP","A","2000",36304.602016,
"USA","GDP","TOT","USD_CAP","A","2001",37099.910597,
"USA","GDP","TOT","USD_CAP","A","2002",37979.607925,
"USA","GDP","TOT","USD_CAP","A","2003",39426.087136,
"USA","GDP","TOT","USD_CAP","A","2004",41647.843907,
"USA","GDP","TOT","USD_CAP","A","2005",44043.734142,
"USA","GDP","TOT","USD_CAP","A","2006",46230.846201,
"USA","GDP","TOT","USD_CAP","A","2007",47902.060352,
"USA","GDP","TOT","USD_CAP","A","2008",48311.223702,
"USA","GDP","TOT","USD_CAP","A","2009",47028.160396,
"USA","GDP","TOT","USD_CAP","A","2010",48396.74085,
"USA","GDP","TOT","USD_CAP","A","2011",49814.371334,
"USA","GDP","TOT","USD_CAP","A","2012",51548.021718,
"USA","GDP","TOT","USD_CAP","A","2013",53056.676476,
"USA","GDP","TOT","USD_CAP","A","2014",55008.012403,
"USA","GDP","TOT","USD_CAP","A","2015",56831.654815,
"USA","GDP","TOT","USD_CAP","A","2016",58000.888034,
"USA","GDP","TOT","USD_CAP","A","2017",60091.568784,
"USA","GDP","TOT","USD_CAP","A","2018",63043.046469,
"USA","GDP","TOT","USD_CAP","A","2019",65240.379025,
"CHL","GDP","TOT","USD_CAP","A","2000",9519.174434,
"CHL","GDP","TOT","USD_CAP","A","2001",9937.064619,
"CHL","GDP","TOT","USD_CAP","A","2002",10292.91805,
"CHL","GDP","TOT","USD_CAP","A","2003",10793.770959,
"CHL","GDP","TOT","USD_CAP","A","2004",11757.51176,
"CHL","GDP","TOT","USD_CAP","A","2005",12667.853587,
"CHL","GDP","TOT","USD_CAP","A","2006",15685.218973,
"CHL","GDP","TOT","USD_CAP","A","2007",16872.268785,
"CHL","GDP","TOT","USD_CAP","A","2008",16447.33384,
"CHL","GDP","TOT","USD_CAP","A","2009",16119.89398,
"CHL","GDP","TOT","USD_CAP","A","2010",18129.087986,
"CHL","GDP","TOT","USD_CAP","A","2011",20302.78871,
"CHL","GDP","TOT","USD_CAP","A","2012",21446.537619,
"CHL","GDP","TOT","USD_CAP","A","2013",22352.530726,
"CHL","GDP","TOT","USD_CAP","A","2014",22687.933017,
"CHL","GDP","TOT","USD_CAP","A","2015",22603.768381,
"CHL","GDP","TOT","USD_CAP","A","2016",23349.677001,
"CHL","GDP","TOT","USD_CAP","A","2017",24402.910125,
"CHL","GDP","TOT","USD_CAP","A","2018",24743.079558,
"CHL","GDP","TOT","USD_CAP","A","2019",26128.403651,
"CHN","GDP","TOT","USD_CAP","A","2000",2909.533494,
"CHN","GDP","TOT","USD_CAP","A","2001",3198.891771,
"CHN","GDP","TOT","USD_CAP","A","2002",3523.483224,
"CHN","GDP","TOT","USD_CAP","A","2003",3925.520688,
"CHN","GDP","TOT","USD_CAP","A","2004",4412.919867,
"CHN","GDP","TOT","USD_CAP","A","2005",5039.10345,
"CHN","GDP","TOT","USD_CAP","A","2006",5821.210961,
"CHN","GDP","TOT","USD_CAP","A","2007",6793.052193,
"CHN","GDP","TOT","USD_CAP","A","2008",7555.032225,
"CHN","GDP","TOT","USD_CAP","A","2009",8287.678054,
"CHN","GDP","TOT","USD_CAP","A","2010",9231.648126,
"CHN","GDP","TOT","USD_CAP","A","2011",10275.255685,
"CHN","GDP","TOT","USD_CAP","A","2012",11169.935527,
"CHN","GDP","TOT","USD_CAP","A","2013",11894.484186,
"CHN","GDP","TOT","USD_CAP","A","2014",12517.200433,
"CHN","GDP","TOT","USD_CAP","A","2015",12946.666743,
"CHN","GDP","TOT","USD_CAP","A","2016",13532.915183,
"CHN","GDP","TOT","USD_CAP","A","2017",14306.396116,
"COL","GDP","TOT","USD_CAP","A","2000",6709.482677,"E"
"COL","GDP","TOT","USD_CAP","A","2001",6883.218978,"E"
"COL","GDP","TOT","USD_CAP","A","2002",7077.150872,"E"
"COL","GDP","TOT","USD_CAP","A","2003",7398.391242,"E"
"COL","GDP","TOT","USD_CAP","A","2004",7905.061738,"E"
"COL","GDP","TOT","USD_CAP","A","2005",8431.955633,
"COL","GDP","TOT","USD_CAP","A","2006",9160.70697,
"COL","GDP","TOT","USD_CAP","A","2007",9922.22572,
"COL","GDP","TOT","USD_CAP","A","2008",10324.87588,
"COL","GDP","TOT","USD_CAP","A","2009",10399.468562,
"COL","GDP","TOT","USD_CAP","A","2010",10866.058552,
"COL","GDP","TOT","USD_CAP","A","2011",11726.775903,
"COL","GDP","TOT","USD_CAP","A","2012",12115.059684,
"COL","GDP","TOT","USD_CAP","A","2013",12799.508325,
"COL","GDP","TOT","USD_CAP","A","2014",13365.993539,
"COL","GDP","TOT","USD_CAP","A","2015",13330.562044,
"COL","GDP","TOT","USD_CAP","A","2016",14054.69606,
"COL","GDP","TOT","USD_CAP","A","2017",14479.812544,
"COL","GDP","TOT","USD_CAP","A","2018",15227.474352,"P"
"COL","GDP","TOT","USD_CAP","A","2019",16086.571243,"E"
"EST","GDP","TOT","USD_CAP","A","2000",9408.746713,
"EST","GDP","TOT","USD_CAP","A","2001",10292.332523,
"EST","GDP","TOT","USD_CAP","A","2002",11635.368438,
"EST","GDP","TOT","USD_CAP","A","2003",13081.093634,
"EST","GDP","TOT","USD_CAP","A","2004",14482.628473,
"EST","GDP","TOT","USD_CAP","A","2005",16574.460822,
"EST","GDP","TOT","USD_CAP","A","2006",19251.861485,
"EST","GDP","TOT","USD_CAP","A","2007",22128.125303,
"EST","GDP","TOT","USD_CAP","A","2008",22807.728472,
"EST","GDP","TOT","USD_CAP","A","2009",20590.604838,
"EST","GDP","TOT","USD_CAP","A","2010",21785.161132,
"EST","GDP","TOT","USD_CAP","A","2011",24738.851132,
"EST","GDP","TOT","USD_CAP","A","2012",26141.083529,
"EST","GDP","TOT","USD_CAP","A","2013",27596.458609,
"EST","GDP","TOT","USD_CAP","A","2014",29107.89112,
"EST","GDP","TOT","USD_CAP","A","2015",29436.42026,
"EST","GDP","TOT","USD_CAP","A","2016",31574.446846,
"EST","GDP","TOT","USD_CAP","A","2017",33902.097344,
"EST","GDP","TOT","USD_CAP","A","2018",36406.04542,
"EST","GDP","TOT","USD_CAP","A","2019",38880.845059,
"EST","GDP","TOT","USD_CAP","A","2020",38359.249172,
"IND","GDP","TOT","USD_CAP","A","2004",2738.755667,"E"
"IND","GDP","TOT","USD_CAP","A","2005",2998.992121,"E"
"IND","GDP","TOT","USD_CAP","A","2006",3267.10439,"E"
"IND","GDP","TOT","USD_CAP","A","2007",3591.547682,"E"
"IND","GDP","TOT","USD_CAP","A","2008",3732.94869,"E"
"IND","GDP","TOT","USD_CAP","A","2009",3987.849459,"E"
"IND","GDP","TOT","USD_CAP","A","2010",4295.763887,"E"
"IND","GDP","TOT","USD_CAP","A","2011",4605.230111,
"IND","GDP","TOT","USD_CAP","A","2012",4982.312076,
"IND","GDP","TOT","USD_CAP","A","2013",5177.871752,
"IND","GDP","TOT","USD_CAP","A","2014",5352.029977,
"IND","GDP","TOT","USD_CAP","A","2015",5577.337632,
"IND","GDP","TOT","USD_CAP","A","2016",5901.21084,
"IDN","GDP","TOT","USD_CAP","A","2000",5352.28964,"E"
"IDN","GDP","TOT","USD_CAP","A","2001",5584.096234,"E"
"IDN","GDP","TOT","USD_CAP","A","2002",5838.901329,"E"
"IDN","GDP","TOT","USD_CAP","A","2003",6138.338789,"E"
"IDN","GDP","TOT","USD_CAP","A","2004",6521.591489,"E"
"IDN","GDP","TOT","USD_CAP","A","2005",7001.130255,"E"
"IDN","GDP","TOT","USD_CAP","A","2006",7495.84456,"E"
"IDN","GDP","TOT","USD_CAP","A","2007",8063.035321,"E"
"IDN","GDP","TOT","USD_CAP","A","2008",8583.717617,
"IDN","GDP","TOT","USD_CAP","A","2009",8735.401828,
"IDN","GDP","TOT","USD_CAP","A","2010",8623.978571,
"IDN","GDP","TOT","USD_CAP","A","2011",9213.212405,
"IDN","GDP","TOT","USD_CAP","A","2012",9833.689555,
"IDN","GDP","TOT","USD_CAP","A","2013",10188.331849,
"IDN","GDP","TOT","USD_CAP","A","2014",10398.959732,
"IDN","GDP","TOT","USD_CAP","A","2015",10364.397282,
"IDN","GDP","TOT","USD_CAP","A","2016",10610.141435,
"IDN","GDP","TOT","USD_CAP","A","2017",11050.882373,
"ISR","GDP","TOT","USD_CAP","A","2000",24939.693936,
"ISR","GDP","TOT","USD_CAP","A","2001",24906.775848,
"ISR","GDP","TOT","USD_CAP","A","2002",25204.72917,
"ISR","GDP","TOT","USD_CAP","A","2003",23800.648789,
"ISR","GDP","TOT","USD_CAP","A","2004",25152.86853,
"ISR","GDP","TOT","USD_CAP","A","2005",24743.425441,
"ISR","GDP","TOT","USD_CAP","A","2006",25580.825491,
"ISR","GDP","TOT","USD_CAP","A","2007",27352.814955,
"ISR","GDP","TOT","USD_CAP","A","2008",27304.814799,
"ISR","GDP","TOT","USD_CAP","A","2009",27504.022421,
"ISR","GDP","TOT","USD_CAP","A","2010",28836.15537,
"ISR","GDP","TOT","USD_CAP","A","2011",30497.568631,
"ISR","GDP","TOT","USD_CAP","A","2012",31706.1862,
"ISR","GDP","TOT","USD_CAP","A","2013",34167.038321,
"ISR","GDP","TOT","USD_CAP","A","2014",34282.236043,
"ISR","GDP","TOT","USD_CAP","A","2015",35487.894439,
"ISR","GDP","TOT","USD_CAP","A","2016",37806.427116,
"ISR","GDP","TOT","USD_CAP","A","2017",38849.910298,
"ISR","GDP","TOT","USD_CAP","A","2018",40351.274189,
"ISR","GDP","TOT","USD_CAP","A","2019",41964.735422,
"RUS","GDP","TOT","USD_CAP","A","2000",7323.44018,"E"
"RUS","GDP","TOT","USD_CAP","A","2001",7898.522928,"E"
"RUS","GDP","TOT","USD_CAP","A","2002",8623.997299,"E"
"RUS","GDP","TOT","USD_CAP","A","2003",9940.232555,"E"
"RUS","GDP","TOT","USD_CAP","A","2004",10984.496611,"E"
"RUS","GDP","TOT","USD_CAP","A","2005",12698.299229,"E"
"RUS","GDP","TOT","USD_CAP","A","2006",16017.124233,"E"
"RUS","GDP","TOT","USD_CAP","A","2007",17881.758587,"E"
"RUS","GDP","TOT","USD_CAP","A","2008",21657.589062,"E"
"RUS","GDP","TOT","USD_CAP","A","2009",20826.597968,"E"
"RUS","GDP","TOT","USD_CAP","A","2010",22008.299275,"E"
"RUS","GDP","TOT","USD_CAP","A","2011",22798.673917,
"RUS","GDP","TOT","USD_CAP","A","2012",24303.491049,
"RUS","GDP","TOT","USD_CAP","A","2013",26073.873547,
"RUS","GDP","TOT","USD_CAP","A","2014",25761.66151,
"RUS","GDP","TOT","USD_CAP","A","2015",24085.312853,
"RUS","GDP","TOT","USD_CAP","A","2016",24128.081806,
"RUS","GDP","TOT","USD_CAP","A","2017",25926.431403,
"RUS","GDP","TOT","USD_CAP","A","2018",28893.861781,
"RUS","GDP","TOT","USD_CAP","A","2019",29403.808518,
"SVN","GDP","TOT","USD_CAP","A","2000",18004.796667,
"SVN","GDP","TOT","USD_CAP","A","2001",18957.424463,
"SVN","GDP","TOT","USD_CAP","A","2002",20236.432071,
"SVN","GDP","TOT","USD_CAP","A","2003",21084.85741,
"SVN","GDP","TOT","USD_CAP","A","2004",22739.135447,
"SVN","GDP","TOT","USD_CAP","A","2005",23848.602419,
"SVN","GDP","TOT","USD_CAP","A","2006",25673.49132,
"SVN","GDP","TOT","USD_CAP","A","2007",27526.53765,
"SVN","GDP","TOT","USD_CAP","A","2008",29594.665839,"B"
"SVN","GDP","TOT","USD_CAP","A","2009",27531.134559,
"SVN","GDP","TOT","USD_CAP","A","2010",27844.90244,
"SVN","GDP","TOT","USD_CAP","A","2011",28931.423641,
"SVN","GDP","TOT","USD_CAP","A","2012",29048.325999,
"SVN","GDP","TOT","USD_CAP","A","2013",29979.618841,
"SVN","GDP","TOT","USD_CAP","A","2014",30872.72888,
"SVN","GDP","TOT","USD_CAP","A","2015",31631.838376,
"SVN","GDP","TOT","USD_CAP","A","2016",33942.76789,
"SVN","GDP","TOT","USD_CAP","A","2017",36515.702826,
"SVN","GDP","TOT","USD_CAP","A","2018",38952.0625,
"SVN","GDP","TOT","USD_CAP","A","2019",41181.425696,
"SVN","GDP","TOT","USD_CAP","A","2020",38727.415299,
"ZAF","GDP","TOT","USD_CAP","A","2000",7865.304698,
"ZAF","GDP","TOT","USD_CAP","A","2001",8123.724947,
"ZAF","GDP","TOT","USD_CAP","A","2002",8352.399734,
"ZAF","GDP","TOT","USD_CAP","A","2003",8656.655166,
"ZAF","GDP","TOT","USD_CAP","A","2004",9183.875946,
"ZAF","GDP","TOT","USD_CAP","A","2005",9847.957943,
"ZAF","GDP","TOT","USD_CAP","A","2006",10580.512387,
"ZAF","GDP","TOT","USD_CAP","A","2007",11300.497099,
"ZAF","GDP","TOT","USD_CAP","A","2008",11732.029766,
"ZAF","GDP","TOT","USD_CAP","A","2009",11483.44306,
"ZAF","GDP","TOT","USD_CAP","A","2010",11806.055909,
"ZAF","GDP","TOT","USD_CAP","A","2011",12227.241685,
"ZAF","GDP","TOT","USD_CAP","A","2012",12174.458197,
"ZAF","GDP","TOT","USD_CAP","A","2013",12587.617396,
"ZAF","GDP","TOT","USD_CAP","A","2014",12667.868135,
"ZAF","GDP","TOT","USD_CAP","A","2015",12698.124385,
"ZAF","GDP","TOT","USD_CAP","A","2016",12724.643279,
"ZAF","GDP","TOT","USD_CAP","A","2017",12810.965544,
"EU28","GDP","TOT","USD_CAP","A","2000",22654.470689,
"EU28","GDP","TOT","USD_CAP","A","2001",23768.398874,
"EU28","GDP","TOT","USD_CAP","A","2002",24820.392549,
"EU28","GDP","TOT","USD_CAP","A","2003",25403.132958,
"EU28","GDP","TOT","USD_CAP","A","2004",26633.097566,
"EU28","GDP","TOT","USD_CAP","A","2005",27566.931708,
"EU28","GDP","TOT","USD_CAP","A","2006",29823.970847,
"EU28","GDP","TOT","USD_CAP","A","2007",31603.033196,
"EU28","GDP","TOT","USD_CAP","A","2008",33052.83263,
"EU28","GDP","TOT","USD_CAP","A","2009",32263.407949,
"EU28","GDP","TOT","USD_CAP","A","2010",33358.569993,
"EU28","GDP","TOT","USD_CAP","A","2011",34740.443621,
"EU28","GDP","TOT","USD_CAP","A","2012",35282.913466,
"EU28","GDP","TOT","USD_CAP","A","2013",36530.05932,
"EU28","GDP","TOT","USD_CAP","A","2014",37595.626444,
"EU28","GDP","TOT","USD_CAP","A","2015",38758.925879,
"EU28","GDP","TOT","USD_CAP","A","2016",41013.178147,
"EU28","GDP","TOT","USD_CAP","A","2017",43038.906204,
"EU28","GDP","TOT","USD_CAP","A","2018",44923.366986,
"EU28","GDP","TOT","USD_CAP","A","2019",46683.037386,
"OECD","GDP","TOT","USD_CAP","A","2000",24642.380585,"E"
"OECD","GDP","TOT","USD_CAP","A","2001",25417.021879,"E"
"OECD","GDP","TOT","USD_CAP","A","2002",26216.973119,"E"
"OECD","GDP","TOT","USD_CAP","A","2003",26989.319321,"E"
"OECD","GDP","TOT","USD_CAP","A","2004",28429.115433,"E"
"OECD","GDP","TOT","USD_CAP","A","2005",29789.739193,
"OECD","GDP","TOT","USD_CAP","A","2006",31769.923347,
"OECD","GDP","TOT","USD_CAP","A","2007",33305.947283,
"OECD","GDP","TOT","USD_CAP","A","2008",34160.224799,"B"
"OECD","GDP","TOT","USD_CAP","A","2009",33249.391608,
"OECD","GDP","TOT","USD_CAP","A","2010",34536.92323,"B"
"OECD","GDP","TOT","USD_CAP","A","2011",35896.406294,
"OECD","GDP","TOT","USD_CAP","A","2012",36857.285829,
"OECD","GDP","TOT","USD_CAP","A","2013",38197.828643,
"OECD","GDP","TOT","USD_CAP","A","2014",39341.114945,
"OECD","GDP","TOT","USD_CAP","A","2015",40493.772528,
"OECD","GDP","TOT","USD_CAP","A","2016",41905.343803,
"OECD","GDP","TOT","USD_CAP","A","2017",43517.99268,
"OECD","GDP","TOT","USD_CAP","A","2018",45241.844031,"E"
"OECD","GDP","TOT","USD_CAP","A","2019",46484.637945,"E"
"OECDE","GDP","TOT","USD_CAP","A","2000",22435.587257,
"OECDE","GDP","TOT","USD_CAP","A","2001",23376.684893,
"OECDE","GDP","TOT","USD_CAP","A","2002",24279.807205,
"OECDE","GDP","TOT","USD_CAP","A","2003",24802.607525,
"OECDE","GDP","TOT","USD_CAP","A","2004",26045.31973,
"OECDE","GDP","TOT","USD_CAP","A","2005",27023.338665,
"OECDE","GDP","TOT","USD_CAP","A","2006",29286.658684,
"OECDE","GDP","TOT","USD_CAP","A","2007",30994.974856,
"OECDE","GDP","TOT","USD_CAP","A","2008",32379.484761,"B"
"OECDE","GDP","TOT","USD_CAP","A","2009",31510.498395,
"OECDE","GDP","TOT","USD_CAP","A","2010",32740.467847,"B"
"OECDE","GDP","TOT","USD_CAP","A","2011",34275.131328,
"OECDE","GDP","TOT","USD_CAP","A","2012",34895.16864,
"OECDE","GDP","TOT","USD_CAP","A","2013",36239.889493,
"OECDE","GDP","TOT","USD_CAP","A","2014",37383.244691,
"OECDE","GDP","TOT","USD_CAP","A","2015",38568.571185,
"OECDE","GDP","TOT","USD_CAP","A","2016",40561.886216,
"OECDE","GDP","TOT","USD_CAP","A","2017",42481.423703,
"OECDE","GDP","TOT","USD_CAP","A","2018",44125.336677,"P"
"OECDE","GDP","TOT","USD_CAP","A","2019",45432.624742,"P"
"LVA","GDP","TOT","USD_CAP","A","2000",8033.096672,
"LVA","GDP","TOT","USD_CAP","A","2001",9034.533398,
"LVA","GDP","TOT","USD_CAP","A","2002",10067.801699,
"LVA","GDP","TOT","USD_CAP","A","2003",11027.777891,
"LVA","GDP","TOT","USD_CAP","A","2004",12240.335962,
"LVA","GDP","TOT","USD_CAP","A","2005",13877.977805,
"LVA","GDP","TOT","USD_CAP","A","2006",15797.285944,
"LVA","GDP","TOT","USD_CAP","A","2007",18179.666228,
"LVA","GDP","TOT","USD_CAP","A","2008",19516.020113,
"LVA","GDP","TOT","USD_CAP","A","2009",16973.369602,
"LVA","GDP","TOT","USD_CAP","A","2010",17658.75357,
"LVA","GDP","TOT","USD_CAP","A","2011",19887.749141,
"LVA","GDP","TOT","USD_CAP","A","2012",21414.570348,
"LVA","GDP","TOT","USD_CAP","A","2013",22811.030828,
"LVA","GDP","TOT","USD_CAP","A","2014",23798.233545,
"LVA","GDP","TOT","USD_CAP","A","2015",24964.048128,
"LVA","GDP","TOT","USD_CAP","A","2016",26712.835239,
"LVA","GDP","TOT","USD_CAP","A","2017",28666.003742,
"LVA","GDP","TOT","USD_CAP","A","2018",30814.222639,
"LVA","GDP","TOT","USD_CAP","A","2019",32013.343219,
"LVA","GDP","TOT","USD_CAP","A","2020",31367.284335,
"BRA","GDP","TOT","USD_CAP","A","2000",9114.213859,
"BRA","GDP","TOT","USD_CAP","A","2001",9312.659939,
"BRA","GDP","TOT","USD_CAP","A","2002",9623.717789,
"BRA","GDP","TOT","USD_CAP","A","2003",9793.070465,
"BRA","GDP","TOT","USD_CAP","A","2004",10510.544053,
"BRA","GDP","TOT","USD_CAP","A","2005",11056.437748,
"BRA","GDP","TOT","USD_CAP","A","2006",11711.263786,
"BRA","GDP","TOT","USD_CAP","A","2007",12622.435746,
"BRA","GDP","TOT","USD_CAP","A","2008",13383.860084,
"BRA","GDP","TOT","USD_CAP","A","2009",13331.386494,
"BRA","GDP","TOT","USD_CAP","A","2010",14359.933545,
"BRA","GDP","TOT","USD_CAP","A","2011",15109.737403,
"BRA","GDP","TOT","USD_CAP","A","2012",15120.063649,
"BRA","GDP","TOT","USD_CAP","A","2013",15669.140139,
"BRA","GDP","TOT","USD_CAP","A","2014",15800.088894,
"BRA","GDP","TOT","USD_CAP","A","2015",14816.290598,
"BRA","GDP","TOT","USD_CAP","A","2016",14326.10209,
"BRA","GDP","TOT","USD_CAP","A","2017",14596.889676,
"BRA","GDP","TOT","USD_CAP","A","2018",15272.36895,
"LTU","GDP","TOT","USD_CAP","A","2000",8449.658261,
"LTU","GDP","TOT","USD_CAP","A","2001",9440.144031,
"LTU","GDP","TOT","USD_CAP","A","2002",10480.719387,
"LTU","GDP","TOT","USD_CAP","A","2003",12055.236651,
"LTU","GDP","TOT","USD_CAP","A","2004",13019.577673,
"LTU","GDP","TOT","USD_CAP","A","2005",14510.653684,
"LTU","GDP","TOT","USD_CAP","A","2006",16461.788562,
"LTU","GDP","TOT","USD_CAP","A","2007",19071.447238,
"LTU","GDP","TOT","USD_CAP","A","2008",20721.033864,
"LTU","GDP","TOT","USD_CAP","A","2009",18130.047804,
"LTU","GDP","TOT","USD_CAP","A","2010",20112.103125,
"LTU","GDP","TOT","USD_CAP","A","2011",22884.804355,
"LTU","GDP","TOT","USD_CAP","A","2012",24703.697943,
"LTU","GDP","TOT","USD_CAP","A","2013",26721.601926,
"LTU","GDP","TOT","USD_CAP","A","2014",28184.499091,
"LTU","GDP","TOT","USD_CAP","A","2015",28834.457574,
"LTU","GDP","TOT","USD_CAP","A","2016",30925.151813,
"LTU","GDP","TOT","USD_CAP","A","2017",33761.906595,
"LTU","GDP","TOT","USD_CAP","A","2018",36346.416674,
"LTU","GDP","TOT","USD_CAP","A","2019",38756.14082,
"LTU","GDP","TOT","USD_CAP","A","2020",38777.34523,
"SAU","GDP","TOT","USD_CAP","A","2000",39689.649429,
"SAU","GDP","TOT","USD_CAP","A","2001",39054.820331,
"SAU","GDP","TOT","USD_CAP","A","2002",37493.382348,
"SAU","GDP","TOT","USD_CAP","A","2003",41258.540037,
"SAU","GDP","TOT","USD_CAP","A","2004",44417.05744,
"SAU","GDP","TOT","USD_CAP","A","2005",46984.604436,
"SAU","GDP","TOT","USD_CAP","A","2006",48394.517286,
"SAU","GDP","TOT","USD_CAP","A","2007",49261.050327,
"SAU","GDP","TOT","USD_CAP","A","2008",51942.263614,
"SAU","GDP","TOT","USD_CAP","A","2009",49874.781069,
"SAU","GDP","TOT","USD_CAP","A","2010",51351.20235,
"SAU","GDP","TOT","USD_CAP","A","2011",56127.033075,
"SAU","GDP","TOT","USD_CAP","A","2012",57693.997325,
"SAU","GDP","TOT","USD_CAP","A","2013",56563.342326,
"SAU","GDP","TOT","USD_CAP","A","2014",56613.468127,
"SAU","GDP","TOT","USD_CAP","A","2015",49491.352769,
"SAU","GDP","TOT","USD_CAP","A","2016",46289.738474,
"SAU","GDP","TOT","USD_CAP","A","2017",47862.014148,
"SAU","GDP","TOT","USD_CAP","A","2018",49173.934198,
"SAU","GDP","TOT","USD_CAP","A","2019",49112.514365,
"EA19","GDP","TOT","USD_CAP","A","2000",25396.009687,
"EA19","GDP","TOT","USD_CAP","A","2001",26592.370174,
"EA19","GDP","TOT","USD_CAP","A","2002",27620.917287,
"EA19","GDP","TOT","USD_CAP","A","2003",28042.814921,
"EA19","GDP","TOT","USD_CAP","A","2004",29152.624568,
"EA19","GDP","TOT","USD_CAP","A","2005",30172.922654,
"EA19","GDP","TOT","USD_CAP","A","2006",32598.726457,
"EA19","GDP","TOT","USD_CAP","A","2007",34485.804043,
"EA19","GDP","TOT","USD_CAP","A","2008",35819.422147,
"EA19","GDP","TOT","USD_CAP","A","2009",34922.115765,
"EA19","GDP","TOT","USD_CAP","A","2010",35915.167554,
"EA19","GDP","TOT","USD_CAP","A","2011",37379.594814,
"EA19","GDP","TOT","USD_CAP","A","2012",37735.292195,
"EA19","GDP","TOT","USD_CAP","A","2013",38969.473823,
"EA19","GDP","TOT","USD_CAP","A","2014",39985.273246,
"EA19","GDP","TOT","USD_CAP","A","2015",41070.906164,
"EA19","GDP","TOT","USD_CAP","A","2016",43562.937373,
"EA19","GDP","TOT","USD_CAP","A","2017",45623.089819,
"EA19","GDP","TOT","USD_CAP","A","2018",47548.319552,
"EA19","GDP","TOT","USD_CAP","A","2019",49215.389518,
"EA19","GDP","TOT","USD_CAP","A","2020",46367.710403,
"ARG","GDP","TOT","USD_CAP","A","2004",12299.728803,
"ARG","GDP","TOT","USD_CAP","A","2005",13674.572695,
"ARG","GDP","TOT","USD_CAP","A","2006",15074.069861,
"ARG","GDP","TOT","USD_CAP","A","2007",16708.232833,
"ARG","GDP","TOT","USD_CAP","A","2008",17550.391451,
"ARG","GDP","TOT","USD_CAP","A","2009",16476.698479,
"ARG","GDP","TOT","USD_CAP","A","2010",18061.934358,
"ARG","GDP","TOT","USD_CAP","A","2011",19322.22713,
"ARG","GDP","TOT","USD_CAP","A","2012",19641.352863,
"ARG","GDP","TOT","USD_CAP","A","2013",20131.680421,
"ARG","GDP","TOT","USD_CAP","A","2014",19683.771502,
"ARG","GDP","TOT","USD_CAP","A","2015",20105.198994,
"ARG","GDP","TOT","USD_CAP","A","2016",20307.870053,
"ARG","GDP","TOT","USD_CAP","A","2017",23562.918839,
"ARG","GDP","TOT","USD_CAP","A","2018",23414.924229,
"ARG","GDP","TOT","USD_CAP","A","2019",23258.474498,
"CRI","GDP","TOT","USD_CAP","A","2000",8290.944819,
"CRI","GDP","TOT","USD_CAP","A","2001",8581.04504,
"CRI","GDP","TOT","USD_CAP","A","2002",8850.95266,
"CRI","GDP","TOT","USD_CAP","A","2003",9263.621127,
"CRI","GDP","TOT","USD_CAP","A","2004",9768.125917,
"CRI","GDP","TOT","USD_CAP","A","2005",10299.326434,
"CRI","GDP","TOT","USD_CAP","A","2006",11205.664332,
"CRI","GDP","TOT","USD_CAP","A","2007",12278.747842,
"CRI","GDP","TOT","USD_CAP","A","2008",12926.352146,
"CRI","GDP","TOT","USD_CAP","A","2009",12701.994593,
"CRI","GDP","TOT","USD_CAP","A","2010",13318.135538,
"CRI","GDP","TOT","USD_CAP","A","2011",14068.154868,
"CRI","GDP","TOT","USD_CAP","A","2012",14852.929898,
"CRI","GDP","TOT","USD_CAP","A","2013",15542.368395,
"CRI","GDP","TOT","USD_CAP","A","2014",16615.974075,
"CRI","GDP","TOT","USD_CAP","A","2015",17649.314854,
"CRI","GDP","TOT","USD_CAP","A","2016",19119.336147,
"CRI","GDP","TOT","USD_CAP","A","2017",20368.230268,
"CRI","GDP","TOT","USD_CAP","A","2018",20988.161555,"E"
"CRI","GDP","TOT","USD_CAP","A","2019",21759.381303,"E"
"BGR","GDP","TOT","USD_CAP","A","2000",6424.7764,
"BGR","GDP","TOT","USD_CAP","A","2001",7046.333183,
"BGR","GDP","TOT","USD_CAP","A","2002",7755.008188,
"BGR","GDP","TOT","USD_CAP","A","2003",8356.502857,
"BGR","GDP","TOT","USD_CAP","A","2004",9117.826459,
"BGR","GDP","TOT","USD_CAP","A","2005",10183.815701,
"BGR","GDP","TOT","USD_CAP","A","2006",11247.805714,
"BGR","GDP","TOT","USD_CAP","A","2007",12604.728791,
"BGR","GDP","TOT","USD_CAP","A","2008",14089.642678,
"BGR","GDP","TOT","USD_CAP","A","2009",13928.367151,
"BGR","GDP","TOT","USD_CAP","A","2010",14605.319424,
"BGR","GDP","TOT","USD_CAP","A","2011",15667.294737,
"BGR","GDP","TOT","USD_CAP","A","2012",16247.413194,
"BGR","GDP","TOT","USD_CAP","A","2013",16588.975372,
"BGR","GDP","TOT","USD_CAP","A","2014",17561.417568,
"BGR","GDP","TOT","USD_CAP","A","2015",18343.141628,
"BGR","GDP","TOT","USD_CAP","A","2016",20019.638626,
"BGR","GDP","TOT","USD_CAP","A","2017",21387.279564,
"BGR","GDP","TOT","USD_CAP","A","2018",22911.128872,
"BGR","GDP","TOT","USD_CAP","A","2019",24579.331314,
"HRV","GDP","TOT","USD_CAP","A","2000",11007.689598,
"HRV","GDP","TOT","USD_CAP","A","2001",11535.38096,
"HRV","GDP","TOT","USD_CAP","A","2002",12637.216532,
"HRV","GDP","TOT","USD_CAP","A","2003",13542.97381,
"HRV","GDP","TOT","USD_CAP","A","2004",14520.742628,
"HRV","GDP","TOT","USD_CAP","A","2005",15295.124142,
"HRV","GDP","TOT","USD_CAP","A","2006",17413.442983,
"HRV","GDP","TOT","USD_CAP","A","2007",19307.4334,
"HRV","GDP","TOT","USD_CAP","A","2008",20763.138285,
"HRV","GDP","TOT","USD_CAP","A","2009",20004.344703,
"HRV","GDP","TOT","USD_CAP","A","2010",19810.265595,
"HRV","GDP","TOT","USD_CAP","A","2011",20793.207219,
"HRV","GDP","TOT","USD_CAP","A","2012",21161.27599,
"HRV","GDP","TOT","USD_CAP","A","2013",21826.808171,
"HRV","GDP","TOT","USD_CAP","A","2014",22072.90031,
"HRV","GDP","TOT","USD_CAP","A","2015",22981.128967,
"HRV","GDP","TOT","USD_CAP","A","2016",24887.753281,
"HRV","GDP","TOT","USD_CAP","A","2017",26765.579327,
"HRV","GDP","TOT","USD_CAP","A","2018",28533.220285,
"HRV","GDP","TOT","USD_CAP","A","2019",30231.57293,"P"
"CYP","GDP","TOT","USD_CAP","A","2000",21298.591733,
"CYP","GDP","TOT","USD_CAP","A","2001",22873.326759,
"CYP","GDP","TOT","USD_CAP","A","2002",23556.899012,
"CYP","GDP","TOT","USD_CAP","A","2003",24254.777068,
"CYP","GDP","TOT","USD_CAP","A","2004",25923.080309,
"CYP","GDP","TOT","USD_CAP","A","2005",27763.121261,
"CYP","GDP","TOT","USD_CAP","A","2006",29975.110725,
"CYP","GDP","TOT","USD_CAP","A","2007",32841.835601,
"CYP","GDP","TOT","USD_CAP","A","2008",34830.170302,
"CYP","GDP","TOT","USD_CAP","A","2009",33909.804342,
"CYP","GDP","TOT","USD_CAP","A","2010",33449.01196,
"CYP","GDP","TOT","USD_CAP","A","2011",33313.379158,
"CYP","GDP","TOT","USD_CAP","A","2012",31834.588088,
"CYP","GDP","TOT","USD_CAP","A","2013",30375.241354,
"CYP","GDP","TOT","USD_CAP","A","2014",30080.39344,
"CYP","GDP","TOT","USD_CAP","A","2015",31815.270718,
"CYP","GDP","TOT","USD_CAP","A","2016",35719.036739,
"CYP","GDP","TOT","USD_CAP","A","2017",38050.911642,
"CYP","GDP","TOT","USD_CAP","A","2018",40476.414357,
"CYP","GDP","TOT","USD_CAP","A","2019",41587.850849,"P"
"MLT","GDP","TOT","USD_CAP","A","2000",18369.432276,
"MLT","GDP","TOT","USD_CAP","A","2001",18515.532727,
"MLT","GDP","TOT","USD_CAP","A","2002",19601.629814,
"MLT","GDP","TOT","USD_CAP","A","2003",20908.714486,
"MLT","GDP","TOT","USD_CAP","A","2004",21533.201544,
"MLT","GDP","TOT","USD_CAP","A","2005",22308.650773,
"MLT","GDP","TOT","USD_CAP","A","2006",23292.963028,
"MLT","GDP","TOT","USD_CAP","A","2007",25027.980225,
"MLT","GDP","TOT","USD_CAP","A","2008",26523.730131,
"MLT","GDP","TOT","USD_CAP","A","2009",26670.83555,
"MLT","GDP","TOT","USD_CAP","A","2010",28747.240738,
"MLT","GDP","TOT","USD_CAP","A","2011",28972.885652,
"MLT","GDP","TOT","USD_CAP","A","2012",30241.405423,
"MLT","GDP","TOT","USD_CAP","A","2013",32287.913935,
"MLT","GDP","TOT","USD_CAP","A","2014",34318.634806,
"MLT","GDP","TOT","USD_CAP","A","2015",37430.52516,
"MLT","GDP","TOT","USD_CAP","A","2016",39792.559916,
"MLT","GDP","TOT","USD_CAP","A","2017",42494.288177,
"MLT","GDP","TOT","USD_CAP","A","2018",44147.888154,
"MLT","GDP","TOT","USD_CAP","A","2019",46258.617122,
"PER","GDP","TOT","USD_CAP","A","2007",7984.661964,
"PER","GDP","TOT","USD_CAP","A","2008",8782.617152,
"PER","GDP","TOT","USD_CAP","A","2009",8846.744897,
"PER","GDP","TOT","USD_CAP","A","2010",9586.999943,
"PER","GDP","TOT","USD_CAP","A","2011",10289.261223,
"PER","GDP","TOT","USD_CAP","A","2012",10545.510648,
"PER","GDP","TOT","USD_CAP","A","2013",11039.698214,"P"
"PER","GDP","TOT","USD_CAP","A","2014",11254.065501,"P"
"ROU","GDP","TOT","USD_CAP","A","2000",5852.670844,
"ROU","GDP","TOT","USD_CAP","A","2001",6441.072192,
"ROU","GDP","TOT","USD_CAP","A","2002",7180.419966,
"ROU","GDP","TOT","USD_CAP","A","2003",7552.149645,
"ROU","GDP","TOT","USD_CAP","A","2004",8982.767074,"B"
"ROU","GDP","TOT","USD_CAP","A","2005",9602.121442,
"ROU","GDP","TOT","USD_CAP","A","2006",11541.177403,
"ROU","GDP","TOT","USD_CAP","A","2007",13683.475271,
"ROU","GDP","TOT","USD_CAP","A","2008",16782.182633,
"ROU","GDP","TOT","USD_CAP","A","2009",16644.099913,
"ROU","GDP","TOT","USD_CAP","A","2010",16989.279852,
"ROU","GDP","TOT","USD_CAP","A","2011",17896.080991,
"ROU","GDP","TOT","USD_CAP","A","2012",18867.513229,
"ROU","GDP","TOT","USD_CAP","A","2013",19777.022952,
"ROU","GDP","TOT","USD_CAP","A","2014",20649.982263,
"ROU","GDP","TOT","USD_CAP","A","2015",21598.558302,
"ROU","GDP","TOT","USD_CAP","A","2016",24266.283962,
"ROU","GDP","TOT","USD_CAP","A","2017",27136.07319,
"ROU","GDP","TOT","USD_CAP","A","2018",29244.574126,
"ROU","GDP","TOT","USD_CAP","A","2019",32351.367107,"P"
"MKD","GDP","TOT","USD_CAP","A","2000",6154.513794,"E"
"MKD","GDP","TOT","USD_CAP","A","2001",6052.56115,"E"
"MKD","GDP","TOT","USD_CAP","A","2002",6395.178631,"E"
"MKD","GDP","TOT","USD_CAP","A","2003",6588.662047,"E"
"MKD","GDP","TOT","USD_CAP","A","2004",7166.036894,"E"
"MKD","GDP","TOT","USD_CAP","A","2005",7848.897341,"E"
"MKD","GDP","TOT","USD_CAP","A","2006",8678.569401,"E"
"MKD","GDP","TOT","USD_CAP","A","2007",9339.59213,"E"
"MKD","GDP","TOT","USD_CAP","A","2008",10521.88172,"E"
"MKD","GDP","TOT","USD_CAP","A","2009",11018.081685,"E"
"MKD","GDP","TOT","USD_CAP","A","2010",11369.68999,"E"
"MKD","GDP","TOT","USD_CAP","A","2011",11689.860896,"E"
"MKD","GDP","TOT","USD_CAP","A","2012",11915.702401,"E"
"MKD","GDP","TOT","USD_CAP","A","2013",12727.350485,"E"
"MKD","GDP","TOT","USD_CAP","A","2014",13434.846939,"E"
"MKD","GDP","TOT","USD_CAP","A","2015",13888.218744,"E"
"MKD","GDP","TOT","USD_CAP","A","2016",15137.967397,"E"
"MKD","GDP","TOT","USD_CAP","A","2017",15706.430869,"E"
"MKD","GDP","TOT","USD_CAP","A","2018",16725.791726,"E"
"ZMB","GDP","TOT","USD_CAP","A","2006",2366.722411,
"ZMB","GDP","TOT","USD_CAP","A","2007",2564.000152,
"ZMB","GDP","TOT","USD_CAP","A","2008",2741.213127,
"ZMB","GDP","TOT","USD_CAP","A","2009",2933.232987,
"ZMB","GDP","TOT","USD_CAP","A","2010",3178.947393,
"ZMB","GDP","TOT","USD_CAP","A","2011",3324.081982,
"ZMB","GDP","TOT","USD_CAP","A","2012",3429.503474,
"ZMB","GDP","TOT","USD_CAP","A","2013",3583.693952,
"ZMB","GDP","TOT","USD_CAP","A","2014",3539.471693,
"ZMB","GDP","TOT","USD_CAP","A","2015",3431.059027,
"ZMB","GDP","TOT","USD_CAP","A","2016",3405.832772,
"ZMB","GDP","TOT","USD_CAP","A","2017",3484.940724,
"ZMB","GDP","TOT","USD_CAP","A","2018",3637.368088,
"HKG","GDP","TOT","USD_CAP","A","2000",28253.203696,"E"
"HKG","GDP","TOT","USD_CAP","A","2001",28822.922896,"E"
"HKG","GDP","TOT","USD_CAP","A","2002",29631.47775,"E"
"HKG","GDP","TOT","USD_CAP","A","2003",31164.291862,"E"
"HKG","GDP","TOT","USD_CAP","A","2004",34515.854862,"E"
"HKG","GDP","TOT","USD_CAP","A","2005",38057.86525,"E"
"HKG","GDP","TOT","USD_CAP","A","2006",41697.718813,"E"
"HKG","GDP","TOT","USD_CAP","A","2007",45197.00174,"E"
"HKG","GDP","TOT","USD_CAP","A","2008",46772.557397,"E"
"HKG","GDP","TOT","USD_CAP","A","2009",45871.298403,"E"
"HKG","GDP","TOT","USD_CAP","A","2010",49186.621974,"E"
"HKG","GDP","TOT","USD_CAP","A","2011",52274.50957,"E"
"HKG","GDP","TOT","USD_CAP","A","2012",52235.720172,"E"
"HKG","GDP","TOT","USD_CAP","A","2013",53691.971048,"E"
"HKG","GDP","TOT","USD_CAP","A","2014",54778.382506,"E"
"HKG","GDP","TOT","USD_CAP","A","2015",56409.642787,"E"
"HKG","GDP","TOT","USD_CAP","A","2016",57221.969152,"E"
"HKG","GDP","TOT","USD_CAP","A","2017",59846.819225,"E"
"HKG","GDP","TOT","USD_CAP","A","2018",62556.2405,"E"
"MDG","GDP","TOT","USD_CAP","A","2007",1571.562292,"E"
"MDG","GDP","TOT","USD_CAP","A","2008",1666.984633,"E"
"MDG","GDP","TOT","USD_CAP","A","2009",1566.810322,"E"
"MDG","GDP","TOT","USD_CAP","A","2010",1551.109609,"E"
"MDG","GDP","TOT","USD_CAP","A","2011",1565.877486,"E"
"MDG","GDP","TOT","USD_CAP","A","2012",1552.77558,"E"
"MDG","GDP","TOT","USD_CAP","A","2013",1556.147235,"E"
"MDG","GDP","TOT","USD_CAP","A","2014",1573.788648,"E"
"MDG","GDP","TOT","USD_CAP","A","2015",1562.305391,"E"
"MDG","GDP","TOT","USD_CAP","A","2016",1624.383829,"E"
"MDG","GDP","TOT","USD_CAP","A","2017",1601.521574,"E"
"MDG","GDP","TOT","USD_CAP","A","2018",1655.481656,"E"
"MAR","GDP","TOT","USD_CAP","A","2007",5657.274524,"E"
"MAR","GDP","TOT","USD_CAP","A","2008",6042.899269,"E"
"MAR","GDP","TOT","USD_CAP","A","2009",6279.693123,"E"
"MAR","GDP","TOT","USD_CAP","A","2010",6525.49337,"E"
"MAR","GDP","TOT","USD_CAP","A","2011",6938.287763,"E"
"MAR","GDP","TOT","USD_CAP","A","2012",6923.247392,"E"
"MAR","GDP","TOT","USD_CAP","A","2013",7143.701966,"E"
"MAR","GDP","TOT","USD_CAP","A","2014",6900.513126,"E"
"MAR","GDP","TOT","USD_CAP","A","2015",7249.966832,"E"
"MAR","GDP","TOT","USD_CAP","A","2016",7312.810289,"E"
"MAR","GDP","TOT","USD_CAP","A","2017",7581.215412,"E"
"MAR","GDP","TOT","USD_CAP","A","2018",7928.326114,"E"
"SGP","GDP","TOT","USD_CAP","A","2000",43863.193428,
"SGP","GDP","TOT","USD_CAP","A","2001",43167.223162,
"SGP","GDP","TOT","USD_CAP","A","2002",45151.97367,
"SGP","GDP","TOT","USD_CAP","A","2003",48789.206118,
"SGP","GDP","TOT","USD_CAP","A","2004",54335.937914,
"SGP","GDP","TOT","USD_CAP","A","2005",58755.70266,
"SGP","GDP","TOT","USD_CAP","A","2006",63960.872088,
"SGP","GDP","TOT","USD_CAP","A","2007",68671.212114,
"SGP","GDP","TOT","USD_CAP","A","2008",67630.457453,
"SGP","GDP","TOT","USD_CAP","A","2009",66190.396875,
"SGP","GDP","TOT","USD_CAP","A","2010",75343.949298,
"SGP","GDP","TOT","USD_CAP","A","2011",80047.57357,
"SGP","GDP","TOT","USD_CAP","A","2012",82072.279162,
"SGP","GDP","TOT","USD_CAP","A","2013",83005.689686,
"SGP","GDP","TOT","USD_CAP","A","2014",84408.216516,
"SGP","GDP","TOT","USD_CAP","A","2015",86972.563073,
"SGP","GDP","TOT","USD_CAP","A","2016",89396.724443,
"SGP","GDP","TOT","USD_CAP","A","2017",94945.250892,
"SGP","GDP","TOT","USD_CAP","A","2018",101280.413499,
"EU27_2020","GDP","TOT","USD_CAP","A","2000",25566.821833,
"EU27_2020","GDP","TOT","USD_CAP","A","2001",26729.026099,
"EU27_2020","GDP","TOT","USD_CAP","A","2002",27640.492282,
"EU27_2020","GDP","TOT","USD_CAP","A","2003",28276.106592,
"EU27_2020","GDP","TOT","USD_CAP","A","2004",29459.604463,
"EU27_2020","GDP","TOT","USD_CAP","A","2005",30606.783857,
"EU27_2020","GDP","TOT","USD_CAP","A","2006",32270.599392,
"EU27_2020","GDP","TOT","USD_CAP","A","2007",34149.27149,
"EU27_2020","GDP","TOT","USD_CAP","A","2008",35130.03453,
"EU27_2020","GDP","TOT","USD_CAP","A","2009",33447.142318,
"EU27_2020","GDP","TOT","USD_CAP","A","2010",34628.527973,
"EU27_2020","GDP","TOT","USD_CAP","A","2011",35664.752982,
"EU27_2020","GDP","TOT","USD_CAP","A","2012",35811.67136,
"EU27_2020","GDP","TOT","USD_CAP","A","2013",36163.242927,
"EU27_2020","GDP","TOT","USD_CAP","A","2014",36935.272144,
"EU27_2020","GDP","TOT","USD_CAP","A","2015",38200.647923,
"EU27_2020","GDP","TOT","USD_CAP","A","2016",39172.901704,
"EU27_2020","GDP","TOT","USD_CAP","A","2017",40728.649363,
"EU27_2020","GDP","TOT","USD_CAP","A","2018",42055.470257,
"EU27_2020","GDP","TOT","USD_CAP","A","2019",43354.982276,
"EU27_2020","GDP","TOT","USD_CAP","A","2020",41235.245877,
